{
        "1": {
            "x": 15.513558,
            "y": 1.071626,
            "z": 0.462788,
            "r3d1": 0.0,
            "r3d2": 0.0,
            "r3d3": 3.14159265359
            },
        "2": {
            "x": 15.513558,
            "y": 2.748026,
            "z": 0.462788,
            "r3d1": 0.0,
            "r3d2": 0.0,
            "r3d3": 3.14159265359
        },
        "3": {
            "x": 15.513558,
            "y": 4.424426,
            "z": 0.462788,
            "r3d1": 0.0,
            "r3d2": 0.0,
            "r3d3": 3.14159265359
        },
        "4": {
            "x": 16.178784,
            "y": 6.749796,
            "z": 0.695452,
            "r3d1": 0.0,
            "r3d2": 0.0,
            "r3d3": 3.14159265359
        },
        "5": {
            "x": 0.36195,
            "y": 6.749796,
            "z": 0.695452,
            "r3d1": 0.0,
            "r3d2": 0.0,
            "r3d3": 0.0
        },
        "6": {
            "x": 1.02743,
            "y": 4.424426,
            "z": 0.462788,
            "r3d1": 0.0,
            "r3d2": 0.0,
            "r3d3": 0.0
        },
        "7": {
            "x": 1.02743,
            "y": 2.748026,
            "z": 0.462788,
            "r3d1": 0.0,
            "r3d2": 0.0,
            "r3d3": 0.0
        },
        "8": {
            "x": 1.02743,
            "y": 1.071626,
            "z": 0.462788,
            "r3d1": 0.0,
            "r3d2": 0.0,
            "r3d3": 0.0
        }
}